<?xml version="1.0" standalone="yes"?>
<Recordset>
  <xs:schema id="Recordset" xmlns="" xmlns:xs="http://www.w3.org/2001/XMLSchema" xmlns:msdata="urn:schemas-microsoft-com:xml-msdata">
    <xs:element name="Recordset" msdata:IsDataSet="true" msdata:MainDataTable="DTLABELS" msdata:UseCurrentLocale="true">
      <xs:complexType>
        <xs:choice minOccurs="0" maxOccurs="unbounded">
          <xs:element name="DTLABELS">
            <xs:complexType>
              <xs:sequence>
                <xs:element name="LID" type="xs:int" minOccurs="0" />
                <xs:element name="TXID" type="xs:int" minOccurs="0" />
                <xs:element name="ORDERNO" type="xs:decimal" minOccurs="0" />
                <xs:element name="LABEL" type="xs:string" minOccurs="0" />
                <xs:element name="CONTROLTYPE" type="xs:int" minOccurs="0" />
                <xs:element name="FIELDLENGTH" type="xs:int" minOccurs="0" />
                <xs:element name="DEFAULTTEXT" type="xs:string" minOccurs="0" />
              </xs:sequence>
            </xs:complexType>
          </xs:element>
        </xs:choice>
      </xs:complexType>
    </xs:element>
  </xs:schema>
  <DTLABELS>
    <LID>81</LID>
    <TXID>7</TXID>
    <ORDERNO>1</ORDERNO>
    <LABEL>Work Order</LABEL>
    <CONTROLTYPE>16</CONTROLTYPE>
    <FIELDLENGTH>6</FIELDLENGTH>
    <DEFAULTTEXT />
  </DTLABELS>
  <DTLABELS>
    <LID>82</LID>
    <TXID>7</TXID>
    <ORDERNO>2</ORDERNO>
    <LABEL>Suffix</LABEL>
    <CONTROLTYPE>16</CONTROLTYPE>
    <FIELDLENGTH>3</FIELDLENGTH>
    <DEFAULTTEXT />
  </DTLABELS>
  <DTLABELS>
    <LID>83</LID>
    <TXID>7</TXID>
    <ORDERNO>3</ORDERNO>
    <LABEL>Seq</LABEL>
    <CONTROLTYPE>16</CONTROLTYPE>
    <FIELDLENGTH>6</FIELDLENGTH>
    <DEFAULTTEXT />
  </DTLABELS>
  <DTLABELS>
    <LID>84</LID>
    <TXID>7</TXID>
    <ORDERNO>4</ORDERNO>
    <LABEL>Part</LABEL>
    <CONTROLTYPE>16</CONTROLTYPE>
    <FIELDLENGTH>20</FIELDLENGTH>
    <DEFAULTTEXT />
  </DTLABELS>
  <DTLABELS>
    <LID>85</LID>
    <TXID>7</TXID>
    <ORDERNO>5</ORDERNO>
    <LABEL>Location</LABEL>
    <CONTROLTYPE>16</CONTROLTYPE>
    <FIELDLENGTH>2</FIELDLENGTH>
    <DEFAULTTEXT />
  </DTLABELS>
  <DTLABELS>
    <LID>86</LID>
    <TXID>7</TXID>
    <ORDERNO>6</ORDERNO>
    <LABEL>Lot</LABEL>
    <CONTROLTYPE>16</CONTROLTYPE>
    <FIELDLENGTH>15</FIELDLENGTH>
    <DEFAULTTEXT />
  </DTLABELS>
  <DTLABELS>
    <LID>87</LID>
    <TXID>7</TXID>
    <ORDERNO>7</ORDERNO>
    <LABEL>Bin</LABEL>
    <CONTROLTYPE>16</CONTROLTYPE>
    <FIELDLENGTH>6</FIELDLENGTH>
    <DEFAULTTEXT />
  </DTLABELS>
  <DTLABELS>
    <LID>88</LID>
    <TXID>7</TXID>
    <ORDERNO>8</ORDERNO>
    <LABEL>Heat</LABEL>
    <CONTROLTYPE>16</CONTROLTYPE>
    <FIELDLENGTH>15</FIELDLENGTH>
    <DEFAULTTEXT />
  </DTLABELS>
  <DTLABELS>
    <LID>89</LID>
    <TXID>7</TXID>
    <ORDERNO>9</ORDERNO>
    <LABEL>Serial</LABEL>
    <CONTROLTYPE>16</CONTROLTYPE>
    <FIELDLENGTH>30</FIELDLENGTH>
    <DEFAULTTEXT />
  </DTLABELS>
  <DTLABELS>
    <LID>90</LID>
    <TXID>7</TXID>
    <ORDERNO>10</ORDERNO>
    <LABEL>Qty To Issue</LABEL>
    <CONTROLTYPE>16</CONTROLTYPE>
    <FIELDLENGTH>20</FIELDLENGTH>
    <DEFAULTTEXT />
  </DTLABELS>
  <DTLABELS>
    <LID>91</LID>
    <TXID>7</TXID>
    <ORDERNO>11</ORDERNO>
    <LABEL>UOM</LABEL>
    <CONTROLTYPE>4</CONTROLTYPE>
    <FIELDLENGTH>0</FIELDLENGTH>
    <DEFAULTTEXT />
  </DTLABELS>
  <DTLABELS>
    <LID>92</LID>
    <TXID>7</TXID>
    <ORDERNO>12</ORDERNO>
    <LABEL>Drop Material (If 0 leave blank)</LABEL>
    <CONTROLTYPE>1</CONTROLTYPE>
    <FIELDLENGTH>0</FIELDLENGTH>
    <DEFAULTTEXT />
  </DTLABELS>
  <DTLABELS>
    <LID>93</LID>
    <TXID>7</TXID>
    <ORDERNO>13</ORDERNO>
    <LABEL>Qty</LABEL>
    <CONTROLTYPE>16</CONTROLTYPE>
    <FIELDLENGTH>20</FIELDLENGTH>
    <DEFAULTTEXT />
  </DTLABELS>
  <DTLABELS>
    <LID>94</LID>
    <TXID>7</TXID>
    <ORDERNO>14</ORDERNO>
    <LABEL>UOM</LABEL>
    <CONTROLTYPE>4</CONTROLTYPE>
    <FIELDLENGTH>0</FIELDLENGTH>
    <DEFAULTTEXT>LB</DEFAULTTEXT>
  </DTLABELS>
</Recordset>